study_id,source,first_author,second_author,more_than_two,search_field,search_date,search_term,authors,Author(s) ID,title,year,journal,volume,issue,art_no,page_st,page_end,Page count,Cited by,DOI,Link,Document Type,Publication Stage
001_wilkinson,Scopus,"Wilkinson, C.L.",NA,Y,"Article title, Abstract, Keywords",1/28/2021,"(""food chain length"")AND (stream* OR watershed* OR river*) AND (""stable isotope*"")","Wilkinson, C.L., Chua, K.W.J., Fiala, R., Liew, J.H., Kemp, V., Hadi Fikri, A., Ewers, R.M., Kratina, P., Yeo, D.C.J.",57201658984;56740151500;57220052952;55603262700;56458282600;57191822881;56821362600;22635005800;7006551155;,Forest conversion to oil palm compresses food chain length in tropical streams,2021,Ecology,102,1,e03199,NA,NA,NA,NA,10.1002/ecy.3199,https://www.scopus.com/inward/record.uri?eid=2-s2.0-85096660843&doi=10.1002%2fecy.3199&partnerID=40&md5=c40f4706f3b0337ddfc20b0f1152e2c7,Article,Final
002_he,Scopus,"He, C.",NA,Y,"Article title, Abstract, Keywords",1/28/2021,"(""food chain length"")AND (stream* OR watershed* OR river*) AND (""stable isotope*"")","He, C., Deng, H., Ba, J., Li, S., Chen, Z., Tao, Y., Duan, X., Liu, S., Li, Y., Chen, D.",57208125174;56510839700;56513592900;57219221773;57219382108;57207913975;23569254400;24171527500;56681232900;55783982600;,Food chain length associated with environmental factors affected by large dam along the Yangtze river,2020,Water,12,11,3157,1,12,NA,NA,10.3390/w12113157,https://www.scopus.com/inward/record.uri?eid=2-s2.0-85096360340&doi=10.3390%2fw12113157&partnerID=40&md5=dd40d1100cc02c9dd5ba1d873fe8dbfa,Article,Final
003_jackson,Scopus,"Jackson, M.C.",NA,Y,"Article title, Abstract, Keywords",1/28/2021,"(""food chain length"")AND (stream* OR watershed* OR river*) AND (""stable isotope*"")","Jackson, M.C., Fourie, H.E., Dalu, T., Woodford, D.J., Wasserman, R.J., Zengeya, T.A., Ellender, B.R., Kimberg, P.K., Jordaan, M.S., Chimimba, C.T., Weyl, O.L.F.",7404069259;6603912141;57192903270;24448795000;36197484800;20735931400;25960705400;56436830000;54400087900;6603194108;55878904600;,Food web properties vary with climate and land use in South African streams,2020,Functional Ecology,34,8,NA,1653,1665,NA,NA,10.1111/1365-2435.13601,https://www.scopus.com/inward/record.uri?eid=2-s2.0-85089198711&doi=10.1111%2f1365-2435.13601&partnerID=40&md5=0b5d5387a19107d3e47ac6b2bea483af,Article,Final
004_sroczya,Scopus,"Sroczynska, K.",NA,Y,"Article title, Abstract, Keywords",1/28/2021,"(""food chain length"")AND (stream* OR watershed* OR river*) AND (""stable isotope*"")","SroczyÅ,ska, K., Williamson, T.J., Claro, M., GonzÃ¡lez-PÃ©rez, J.A., Range, P., Boski, T., ChÃ­charo, L.",57216502155;56652520800;57189072980;8588951200;57200299298;6602267486;6602881426;,Food web structure of three Mediterranean stream reaches along a gradient of anthropogenic impact,2020,Hydrobiologia,847,10,NA,2357,2375,NA,NA,10.1007/s10750-020-04263-5,https://www.scopus.com/inward/record.uri?eid=2-s2.0-85084129097&doi=10.1007%2fs10750-020-04263-5&partnerID=40&md5=8a01e3049f72f4ca19b02916ee3f9f76,Article,Final
005_chanut,Scopus,"Chanut, P.C.M.",NA,Y,"Article title, Abstract, Keywords",1/28/2021,"(""food chain length"")AND (stream* OR watershed* OR river*) AND (""stable isotope*"")","Chanut, P.C.M., Siebers, A.R., Robinson, C.T.",55912582300;57202917955;7403375011;,Flood disturbance affects macroinvertebrate food chain length in an alluvial river floodplain,2020,Freshwater Biology,65,3,NA,490,501,NA,NA,10.1111/fwb.13445,https://www.scopus.com/inward/record.uri?eid=2-s2.0-85076371247&doi=10.1111%2ffwb.13445&partnerID=40&md5=7ff80a24e049c49a5f055fb29fa17ad3,Article,Final
006_schriever,Scopus,"Schriever, T.A.","Lytle, D.A.",N,"Article title, Abstract, Keywords",1/28/2021,"(""food chain length"")AND (stream* OR watershed* OR river*) AND (""stable isotope*"")","Schriever, T.A., Lytle, D.A.",25951763200;7005171962;,Food chain length and trophic niche of a key predator in montane desert streams,2020,Hydrobiologia,847,4,NA,983,997,NA,NA,10.1007/s10750-019-04115-x,https://www.scopus.com/inward/record.uri?eid=2-s2.0-85074767779&doi=10.1007%2fs10750-019-04115-x&partnerID=40&md5=ed190e0977934a5df97f27de7bf36a6a,Article,Final
007_kelson,Scopus,"Kelson, S.J.",NA,Y,"Article title, Abstract, Keywords",1/28/2021,"(""food chain length"")AND (stream* OR watershed* OR river*) AND (""stable isotope*"")","Kelson, S.J., Power, M.E., Finlay, J.C., Carlson, S.M.",56281255900;57202154502;7102678315;35387659000;,Partial migration alters population ecology and food chain length: evidence from a salmonid fish,2020,Ecosphere,11,2,e03044,NA,NA,NA,2,10.1002/ecs2.3044,https://www.scopus.com/inward/record.uri?eid=2-s2.0-85079699971&doi=10.1002%2fecs2.3044&partnerID=40&md5=6e130225ed29f9f796ad1a786899dc18,Article,Final
008_boddy,Scopus,"Boddy, N.C.",NA,Y,"Article title, Abstract, Keywords",1/28/2021,"(""food chain length"")AND (stream* OR watershed* OR river*) AND (""stable isotope*"")","Boddy, N.C., Fraley, K.M., Warburton, H.J., Jellyman, P.G., Booker, D.J., Kelly, D., McIntosh, A.R.",57192384786;57191096807;56703053000;25634215100;7003672929;7403137598;7202722683;,Big impacts from small abstractions: The effects of surface water abstraction on freshwater fish assemblages,2020,Aquatic Conservation: Marine and Freshwater Ecosystems,30,1,NA,159,172,NA,1,10.1002/aqc.3232,https://www.scopus.com/inward/record.uri?eid=2-s2.0-85074558162&doi=10.1002%2faqc.3232&partnerID=40&md5=d75a53e9288e07126bfdc702030f79da,Article,Final
009_pearce,Scopus,"Pearce, J.L.",NA,Y,"Article title, Abstract, Keywords",1/28/2021,"(""food chain length"")AND (stream* OR watershed* OR river*) AND (""stable isotope*"")","Pearce, J.L., Smokorowski, K.E., Brush, J., Timusk, E., Marty, J., Power, M.",7402030494;6506799548;35770380000;48662974800;35085369100;24784803700;,Unrestricted ramping rates and long-term trends in the food web metrics of a boreal river,2019,River Research and Applications,35,9,NA,1575,1589,NA,1,10.1002/rra.3516,https://www.scopus.com/inward/record.uri?eid=2-s2.0-85071333552&doi=10.1002%2frra.3516&partnerID=40&md5=4c80433b5a62fa755a420a10a8234940,Article,Final
010_negishi,Scopus,"Negishi, J.N.",NA,Y,"Article title, Abstract, Keywords",1/28/2021,"(""food chain length"")AND (stream* OR watershed* OR river*) AND (""stable isotope*"")","Negishi, J.N., Terui, A., Nessa, B., Miura, K., Oiso, T., Sumitomo, K., Kyuka, T., Yonemoto, M., Nakamura, F.",6603360274;39362420000;57189489365;57192907714;57207691891;57193789070;47962060800;57195006350;7201941872;,High resilience of aquatic community to a 100-year flood in a gravel-bed river,2019,Landscape and Ecological Engineering,15,2,NA,143,154,NA,4,10.1007/s11355-019-00373-y,https://www.scopus.com/inward/record.uri?eid=2-s2.0-85062718565&doi=10.1007%2fs11355-019-00373-y&partnerID=40&md5=c76c99157e607309a44a2dbc101cc1ee,Article,Final
011_pease,Scopus,"Pease, A.A.",NA,Y,"Article title, Abstract, Keywords",1/28/2021,"(""food chain length"")AND (stream* OR watershed* OR river*) AND (""stable isotope*"")","Pease, A.A., Capps, K.A., Rodiles-HernÃ¡ndez, R., Castillo, M.M., Mendoza-Carranza, M., Soria-Barreto, M., GonzÃ¡lez-DÃ­az, A.A.",12786560900;24472828200;55995875500;7202200847;6507180012;25654407800;23481520200;,Trophic structure of fish assemblages varies across a Mesoamerican river network with contrasting climate and flow conditions,2019,Food Webs,18,NA,e00113,NA,NA,NA,4,10.1016/j.fooweb.2019.e00113,https://www.scopus.com/inward/record.uri?eid=2-s2.0-85059842422&doi=10.1016%2fj.fooweb.2019.e00113&partnerID=40&md5=c7e3482512988c5042b0ddfc29437865,Article,Final
012_siebers,Scopus,"Siebers, A.R.",NA,Y,"Article title, Abstract, Keywords",1/28/2021,"(""food chain length"")AND (stream* OR watershed* OR river*) AND (""stable isotope*"")","Siebers, A.R., Paillex, A., Robinson, C.T.",57202917955;22958116500;7403375011;,"Flow intermittency influences the trophic base, but not the overall diversity of alpine stream food webs",2019,Ecography,42,9,NA,1523,1535,NA,5,10.1111/ecog.04597,https://www.scopus.com/inward/record.uri?eid=2-s2.0-85071379540&doi=10.1111%2fecog.04597&partnerID=40&md5=4f3a55ba0b520cf3b7ddd2b70aff70b8,Article,Final
013_sullivan,Scopus,"Sullivan, S.M.P.",NA,Y,"Article title, Abstract, Keywords",1/28/2021,"(""food chain length"")AND (stream* OR watershed* OR river*) AND (""stable isotope*"")","Sullivan, S.M.P., Hossler, K., Meyer, L.A.",19640513000;24767472600;55890218200;,Artificial lighting at night alters aquatic-riparian invertebrate food webs,2019,Ecological Applications,29,1,e01821,NA,NA,NA,9,10.1002/eap.1821,https://www.scopus.com/inward/record.uri?eid=2-s2.0-85059353946&doi=10.1002%2feap.1821&partnerID=40&md5=c9bde7c35df8f852539f2c2292d8ba25,Article,Final
014_fraley,Scopus,"Fraley, K.M.",NA,Y,"Article title, Abstract, Keywords",1/28/2021,"(""food chain length"")AND (stream* OR watershed* OR river*) AND (""stable isotope*"")","Fraley, K.M., Warburton, H.J., Jellyman, P.G., Kelly, D., McIntosh, A.R.",57191096807;56703053000;25634215100;7403137598;7202722683;,"Responsiveness of fish mass-abundance relationships and trophic metrics to flood disturbance, stream size, land cover and predator taxa presence in headwater streams",2018,Ecology of Freshwater Fish,27,4,NA,999,1014,NA,6,10.1111/eff.12410,https://www.scopus.com/inward/record.uri?eid=2-s2.0-85053628938&doi=10.1111%2feff.12410&partnerID=40&md5=6e6958fdda82b33eaf5f5299978e77a8,Article,Final
015_thoms,Scopus,"Thoms, M.","Delong, M.",N,"Article title, Abstract, Keywords",1/28/2021,"(""food chain length"")AND (stream* OR watershed* OR river*) AND (""stable isotope*"")","Thoms, M., Delong, M.",7006172559;7004304184;,Ecosystem responses to water resource developments in a large dryland river,2018,Water Resources Research,54,9,NA,6643,6655,NA,8,10.1029/2018WR022956,https://www.scopus.com/inward/record.uri?eid=2-s2.0-85053554645&doi=10.1029%2f2018WR022956&partnerID=40&md5=8ee0da1db0a83174d689bf6d8b963a48,Article,Final
016_sanchez-carrillo,Scopus,"Sanchez-Carrillo, S.",NA,Y,"Article title, Abstract, Keywords",1/28/2021,"(""food chain length"")AND (stream* OR watershed* OR river*) AND (""stable isotope*"")","SÃ¡nchez-Carrillo, S., Angeler, D.G., Ãlvarez-Cobelas, M., Rojo, C.",6602675170;6603774099;57216596555;7003866818;,Abiotic drivers of consumer foodweb structure in lakes,2018,Freshwater Science,37,2,NA,404,416,NA,6,10.1086/697927,https://www.scopus.com/inward/record.uri?eid=2-s2.0-85044936234&doi=10.1086%2f697927&partnerID=40&md5=c0dd3e678053a07e1e8dfa52e4abef2b,Article,Final
017_zheng,Scopus,"Zheng, Y.",NA,Y,"Article title, Abstract, Keywords",1/28/2021,"(""food chain length"")AND (stream* OR watershed* OR river*) AND (""stable isotope*"")","Zheng, Y., Niu, J., Zhou, Q., Xie, C., Ke, Z., Li, D., Gao, Y.",57192829926;56870756500;55701507300;16070695100;15049442200;56182893600;7404704663;,Effects of resource availability and hydrological regime on autochthonous and allochthonous carbon in the food web of a large cross-border river (China),2018,Science of the Total Environment,612,NA,NA,501,512,NA,5,10.1016/j.scitotenv.2017.08.266,https://www.scopus.com/inward/record.uri?eid=2-s2.0-85028517635&doi=10.1016%2fj.scitotenv.2017.08.266&partnerID=40&md5=64050b860bd6a81d7a8e0e03cc84c9f5,Article,Final
018_gonzalez-bergonzoni,Scopus,"Gonzalez-Bergonzoni, I.",NA,Y,"Article title, Abstract, Keywords",1/28/2021,"(""food chain length"")AND (stream* OR watershed* OR river*) AND (""stable isotope*"")","GonzÃ¡lez-Bergonzoni, I., Kristensen, P.B., Baattrup-Pedersen, A., Kristensen, E.A., Alnoee, A.B., Riis, T.",26433451900;36472041400;8521495900;23477844300;56433676500;55979133000;,Riparian forest modifies fuelling sources for stream food webs but not food-chain length in lowland streams of Denmark,2018,Hydrobiologia,805,1,NA,291,310,NA,7,10.1007/s10750-017-3313-1,https://www.scopus.com/inward/record.uri?eid=2-s2.0-85026919737&doi=10.1007%2fs10750-017-3313-1&partnerID=40&md5=e327aa588daf941fe037e4963636c64e,Article,Final
019_kaymak,Scopus,"Kaymak, N.",NA,Y,"Article title, Abstract, Keywords",1/28/2021,"(""food chain length"")AND (stream* OR watershed* OR river*) AND (""stable isotope*"")","Kaymak, N., Winemiller, K.O., Akin, S., Altuner, Z., Polat, F., Dal, T.",56084469600;7003495043;8696138500;6506471683;39262150800;51664604500;,Spatial and temporal variation in food web structure of an impounded river in Anatolia,2018,Marine and Freshwater Research,69,9,NA,1453,1471,NA,5,10.1071/MF17270,https://www.scopus.com/inward/record.uri?eid=2-s2.0-85049309160&doi=10.1071%2fMF17270&partnerID=40&md5=f0e6216c097bc76f7eb1a383ec76fe5e,Article,Final
020_ceneviva-bastos,Scopus,"Ceneviva-Bastos, M.",NA,Y,"Article title, Abstract, Keywords",1/28/2021,"(""food chain length"")AND (stream* OR watershed* OR river*) AND (""stable isotope*"")","Ceneviva-Bastos, M., MontaÃ±a, C.G., Schalk, C.M., Camargo, P.B., Casatti, L.",16314970600;24759211300;36017380600;7004416841;12784934200;,Responses of aquatic food webs to the addition of structural complexity and basal resource diversity in degraded Neotropical streams,2017,Austral Ecology,42,8,NA,908,919,NA,7,10.1111/aec.12518,https://www.scopus.com/inward/record.uri?eid=2-s2.0-85035815317&doi=10.1111%2faec.12518&partnerID=40&md5=f0d3e4a348b288600aee3d35f2d503af,Article,Final
021_taylor,Scopus,"Taylor, G.C.",NA,Y,"Article title, Abstract, Keywords",1/28/2021,"(""food chain length"")AND (stream* OR watershed* OR river*) AND (""stable isotope*"")","Taylor, G.C., Weyl, O.L.F., Hill, J.M., Peel, R.A., Hay, C.J.",55443002300;55878904600;24779345800;56496618300;7103355683;,Comparing the fish assemblages and food-web structures of large floodplain rivers,2017,Freshwater Biology,62,11,NA,1891,1907,NA,6,10.1111/fwb.13032,https://www.scopus.com/inward/record.uri?eid=2-s2.0-85030172854&doi=10.1111%2ffwb.13032&partnerID=40&md5=03176b2a39e2beb0fac8b2e237580db4,Article,Final
022_east,Scopus,"East, J.L.",NA,Y,"Article title, Abstract, Keywords",1/28/2021,"(""food chain length"")AND (stream* OR watershed* OR river*) AND (""stable isotope*"")","East, J.L., Wilcut, C., Pease, A.A.",57189623487;57193082367;12786560900;,Aquatic food-web structure along a salinized dryland river,2017,Freshwater Biology,62,4,NA,681,694,NA,16,10.1111/fwb.12893,https://www.scopus.com/inward/record.uri?eid=2-s2.0-85010657790&doi=10.1111%2ffwb.12893&partnerID=40&md5=8cebeb35fd4d923ead951f502f572788,Article,Final
023_majdi,Scopus,"Majdi, N.","Traunspurger, W.",N,"Article title, Abstract, Keywords",1/28/2021,"(""food chain length"")AND (stream* OR watershed* OR river*) AND (""stable isotope*"")","Majdi, N., Traunspurger, W.",38663042900;7003364990;,Leaf fall affects the isotopic niches of meiofauna and macrofauna in a stream food web,2017,Food Webs,10,NA,NA,5,14,NA,4,10.1016/j.fooweb.2017.01.002,https://www.scopus.com/inward/record.uri?eid=2-s2.0-85013288144&doi=10.1016%2fj.fooweb.2017.01.002&partnerID=40&md5=b55f18d30b1c33d6c3117561a9abd1a2,Article,Final
024_saigo,Scopus,"Saigo, M.",NA,Y,"Article title, Abstract, Keywords",1/28/2021,"(""food chain length"")AND (stream* OR watershed* OR river*) AND (""stable isotope*"")","Saigo, M., Ruffener, L., Scarabotti, P., Marchese, M.",56667239500;57194695270;22935263600;23035367000;,Food chain length in a large floodplain river: Planktonic or benthic reliance as a limiting factor,2017,Marine and Freshwater Research,68,7,NA,1336,1341,NA,NA,10.1071/MF16269,https://www.scopus.com/inward/record.uri?eid=2-s2.0-85021739617&doi=10.1071%2fMF16269&partnerID=40&md5=79f8dc9fe25de96961b066e649ea2ea7,Article,Final
025_kautza,Scopus,"Kautza, A.","Sullivan, S.M.P.",N,"Article title, Abstract, Keywords",1/28/2021,"(""food chain length"")AND (stream* OR watershed* OR river*) AND (""stable isotope*"")","Kautza, A., Sullivan, S.M.P.",55266535000;19640513000;,Anthropogenic and natural determinants of fish food-chain length in a midsize river system,2016,Freshwater Science,35,3,NA,895,908,NA,8,10.1086/685932,https://www.scopus.com/inward/record.uri?eid=2-s2.0-84986197545&doi=10.1086%2f685932&partnerID=40&md5=541f706afd05c56463d37e10e0e69fb5,Article,Final
026_ruhi,Scopus,"Ruhi, A.",NA,Y,"Article title, Abstract, Keywords",1/28/2021,"(""food chain length"")AND (stream* OR watershed* OR river*) AND (""stable isotope*"")","RuhÃ­, A., MuÃ±oz, I., TornÃ©s, E., Batalla, R.J., Vericat, D., PonsatÃ­, L., AcuÃ±a, V., von Schiller, D., MarcÃ©, R., Bussi, G., FrancÃ©s, F., Sabater, S.",57207900208;7005291835;24333743900;6602576751;8841850200;56275662700;23670461000;16242925800;9741665600;54963001600;6603236225;7006947959;,Flow regulation increases food-chain length through omnivory mechanisms in a Mediterranean river network,2016,Freshwater Biology,61,9,NA,1536,1549,NA,19,10.1111/fwb.12794,https://www.scopus.com/inward/record.uri?eid=2-s2.0-84978040230&doi=10.1111%2ffwb.12794&partnerID=40&md5=dc47f9626cb68cc9fec61908e3d6a412,Article,Final
027_wang,Scopus,"Wang, Y.",NA,Y,"Article title, Abstract, Keywords",1/28/2021,"(""food chain length"")AND (stream* OR watershed* OR river*) AND (""stable isotope*"")","Wang, Y., Xiao, X., Yu, X., Xu, J., Cai, Y., Lei, G.",37073955900;56870676800;35197677500;57043691600;48761118300;57220611075;,Resource availability determines food chain length in Chinese subtropical rivers,2016,Aquatic Ecology,50,2,NA,187,195,NA,4,10.1007/s10452-016-9567-2,https://www.scopus.com/inward/record.uri?eid=2-s2.0-84957542128&doi=10.1007%2fs10452-016-9567-2&partnerID=40&md5=5cd1f971580a198ae3a65e79d6977862,Article,Final
028_jardine,Scopus,"Jardine, T.D.",NA,N,"Article title, Abstract, Keywords",1/28/2021,"(""food chain length"")AND (stream* OR watershed* OR river*) AND (""stable isotope*"")","Jardine, T.D.",6603449464;,A top predator forages low on species-rich tropical food chains,2016,Freshwater Science,35,2,NA,666,675,NA,5,10.1086/685858,https://www.scopus.com/inward/record.uri?eid=2-s2.0-84970963261&doi=10.1086%2f685858&partnerID=40&md5=696b46460cc46c2351b30650c4e88607,Article,Final
029_sullivan,Scopus,"Sullivan, S.M.P.",NA,Y,"Article title, Abstract, Keywords",1/28/2021,"(""food chain length"")AND (stream* OR watershed* OR river*) AND (""stable isotope*"")","Sullivan, S.M.P., Hossler, K., Cianfrani, C.M.",19640513000;24767472600;57203431002;,Ecosystem structure emerges as a strong determinant of food-chain length in linked stream-riparian ecosystems,2015,Ecosystems,18,8,NA,1356,1372,NA,12,10.1007/s10021-015-9904-7,https://www.scopus.com/inward/record.uri?eid=2-s2.0-84947487834&doi=10.1007%2fs10021-015-9904-7&partnerID=40&md5=9156707e63c0c7a5e3d81cc79fd1c414,Article,Final
030_saigo,Scopus,"Saigo, M.",NA,Y,"Article title, Abstract, Keywords",1/28/2021,"(""food chain length"")AND (stream* OR watershed* OR river*) AND (""stable isotope*"")","Saigo, M., Zilli, F.L., Marchese, M.R., Demonte, D.",56667239500;24068287500;23035367000;36622896300;,"Trophic level, food chain length and omnivory in the Paraná River: a food web model approach in a floodplain river system",2015,Ecological Research,30,5,NA,843,852,NA,16,10.1007/s11284-015-1283-1,https://www.scopus.com/inward/record.uri?eid=2-s2.0-84940451630&doi=10.1007%2fs11284-015-1283-1&partnerID=40&md5=a2c6549f663388e721a3128b9a0f812d,Article,Final
031_mchugh,Scopus,"McHugh, P.A.",NA,Y,"Article title, Abstract, Keywords",1/28/2021,"(""food chain length"")AND (stream* OR watershed* OR river*) AND (""stable isotope*"")","McHugh, P.A., Thompson, R.M., Greig, H.S., Warburton, H.J., Mcintosh, A.R.",8047789400;7406367555;8623032400;56703053000;7202722683;,Habitat size influences food web structure in drying streams,2015,Ecography,38,7,NA,700,712,NA,36,10.1111/ecog.01193,https://www.scopus.com/inward/record.uri?eid=2-s2.0-84933531255&doi=10.1111%2fecog.01193&partnerID=40&md5=410ab29988959c176cbf3a9410821ea5,Article,Final
032_sagouis,Scopus,"Sagouis, A.",NA,Y,"Article title, Abstract, Keywords",1/28/2021,"(""food chain length"")AND (stream* OR watershed* OR river*) AND (""stable isotope*"")","Sagouis, A., Cucherousset, J., VillÃ©ger, S., Santoul, F., BoulÃªtreau, S.",56115839300;56063844700;24169998800;6602616145;13002690800;,Non-native species modify the isotopic structure of freshwater fish communities across the globe,2015,Ecography,38,10,NA,979,985,NA,28,10.1111/ecog.01348,https://www.scopus.com/inward/record.uri?eid=2-s2.0-84942363996&doi=10.1111%2fecog.01348&partnerID=40&md5=34324cb143dff051fe41c13fc1ad5867,Article,Final
033_hette_tronquart,Scopus,"Hette-Tronquart, N.",NA,Y,"Article title, Abstract, Keywords",1/28/2021,"(""food chain length"")AND (stream* OR watershed* OR river*) AND (""stable isotope*"")","Hette-Tronquart, N., Roussel, J.-M., Dumont, B., Archaimbault, V., Pont, D., Oberdorff, T., Belliard, J.",55260217900;7102949911;24320342900;8866441600;55650237300;6603055683;6701819412;,Variability of water temperature may influence food-chain length in temperate streams,2013,Hydrobiologia,718,1,NA,159,172,NA,9,10.1007/s10750-013-1613-7,https://www.scopus.com/inward/record.uri?eid=2-s2.0-84884530113&doi=10.1007%2fs10750-013-1613-7&partnerID=40&md5=665b9234ca919150c1012947d6a01283,Article,Final
034_warfe,Scopus,"Warfe, D.M.",NA,Y,"Article title, Abstract, Keywords",1/28/2021,"(""food chain length"")AND (stream* OR watershed* OR river*) AND (""stable isotope*"")","Warfe, D.M., Jardine, T.D., Pettit, N.E., Hamilton, S.K., Pusey, B.J., Bunn, S.E., Davies, P.M., Douglas, M.M.",6507800654;6603449464;6603929905;7402244920;57211346294;7007032760;7403894538;7202715945;,"Productivity, disturbance and ecosystem size have no influence on food chain length in seasonally connected rivers",2013,PLoS ONE,8,6,e66240,NA,NA,NA,33,10.1371/journal.pone.0066240,https://www.scopus.com/inward/record.uri?eid=2-s2.0-84878944178&doi=10.1371%2fjournal.pone.0066240&partnerID=40&md5=8eacebead0f4ce4d4b19ac39e5d45834,Article,Final
035_reid,Scopus,"Reid, M.A.",NA,Y,"Article title, Abstract, Keywords",1/28/2021,"(""food chain length"")AND (stream* OR watershed* OR river*) AND (""stable isotope*"")","Reid, M.A., Delong, M.D., Thoms, M.C.",7402596379;7004304184;7006172559;,The influence of hydrological connectivity on food web structure in floodplain lakes,2012,River Research and Applications,28,7,NA,827,844,NA,23,10.1002/rra.1491,https://www.scopus.com/inward/record.uri?eid=2-s2.0-84865856525&doi=10.1002%2frra.1491&partnerID=40&md5=174e5b91456640e5127d7650932f0f95,Article,Final
036_turner,Scopus,"Turner, T.F.","Edwards, M.S.",N,"Article title, Abstract, Keywords",1/28/2021,"(""food chain length"")AND (stream* OR watershed* OR river*) AND (""stable isotope*"")","Turner, T.F., Edwards, M.S.",7402443072;7402850198;,Aquatic foodweb structure of the Rio Grande assessed with stable isotopes,2012,Freshwater Science,31,3,NA,825,834,NA,16,10.1899/11-063.1,https://www.scopus.com/inward/record.uri?eid=2-s2.0-84884320553&doi=10.1899%2f11-063.1&partnerID=40&md5=b65272ca7246e3472544eb833a160c74,Article,Final
037_riva-murray,Scopus,"Riva-Murray, K.",NA,Y,"Article title, Abstract, Keywords",1/28/2021,"(""food chain length"")AND (stream* OR watershed* OR river*) AND (""stable isotope*"")","Riva-Murray, K., Chasar, L.C., Bradley, P.M., Burns, D.A., Brigham, M.E., Smith, M.J., Abrahamsen, T.A.",6506301939;6507260683;7201850228;7403171298;6701718182;56170707400;42260969700;,Spatial patterns of mercury in macroinvertebrates and fishes from streams of two contrasting forested landscapes in the eastern United States,2011,Ecotoxicology,20,7,NA,1530,1542,NA,33,10.1007/s10646-011-0719-9,https://www.scopus.com/inward/record.uri?eid=2-s2.0-80054927168&doi=10.1007%2fs10646-011-0719-9&partnerID=40&md5=d4bdc3972bc5a0ac31dce56dbefb5933,Article,Final
038_mchugh,Scopus,"McHugh, P.A.",NA,Y,"Article title, Abstract, Keywords",1/28/2021,"(""food chain length"")AND (stream* OR watershed* OR river*) AND (""stable isotope*"")","McHugh, P.A., McIntosh, A.R., Jellyman, P.G.",8047789400;7202722683;25634215100;,Dual influences of ecosystem size and disturbance on food chain length in streams,2010,Ecology Letters,13,7,NA,881,890,NA,119,10.1111/j.1461-0248.2010.01484.x,https://www.scopus.com/inward/record.uri?eid=2-s2.0-77954633935&doi=10.1111%2fj.1461-0248.2010.01484.x&partnerID=40&md5=02c505d2bf29987cc0db13f1f549ae12,Article,Final
039_pilger,Scopus,"Pilger, T. J.",NA,Y,"Article title, Abstract, Keywords",1/28/2021,"(""food chain length"")AND (stream* OR watershed* OR river*) AND (""stable isotope*"")","Pilger, T. J., Gido, K. B., Propst, D. L.",23985758100;6603734680;6701589384;,"Diet and trophic niche overlap of native and nonnative fishes in the Gila River, USA: Implications for native fish conservation",2010,Ecology of Freshwater Fish,19,2,NA,300,321,NA,41,10.1111/j.1600-0633.2010.00415.x,https://www.scopus.com/inward/record.uri?eid=2-s2.0-77954093586&doi=10.1111%2fj.1600-0633.2010.00415.x&partnerID=40&md5=1968431647680d5ce001e20fa11ea8e4,Article,Final
040_roach,Scopus,"Roach, K.A.",NA,Y,"Article title, Abstract, Keywords",1/28/2021,"(""food chain length"")AND (stream* OR watershed* OR river*) AND (""stable isotope*"")","Roach, K.A., Thorp, J.H., Delong, M.D.",26029463800;57203069616;7004304184;,Influence of lateral gradients of hydrologic connectivity on trophic positions of fishes in the Upper Mississippi River,2009,Freshwater Biology,54,3,NA,607,620,NA,37,10.1111/j.1365-2427.2008.02137.x,https://www.scopus.com/inward/record.uri?eid=2-s2.0-60349103438&doi=10.1111%2fj.1365-2427.2008.02137.x&partnerID=40&md5=a4fa4029e7bc9845d3c7277041868dd5,Article,Final
041_sabo,Scopus,"Sabo, J.L.",NA,Y,"Article title, Abstract, Keywords",1/28/2021,"(""food chain length"")AND (stream* OR watershed* OR river*) AND (""stable isotope*"")","Sabo, J.L., Finlay, J.C., Post, D.M.",7004596144;7102678315;7103012603;,Food chains in freshwaters,2009,Annals of the New York Academy of Sciences,1162,NA,NA,187,220,NA,47,10.1111/j.1749-6632.2009.04445.x,https://www.scopus.com/inward/record.uri?eid=2-s2.0-66149150283&doi=10.1111%2fj.1749-6632.2009.04445.x&partnerID=40&md5=f2fe30f6f30dbe80f2ca4c2f4f763e9f,Review,Final
042_stenroth,Scopus,"Stenroth, P.",NA,Y,"Article title, Abstract, Keywords",1/28/2021,"(""food chain length"")AND (stream* OR watershed* OR river*) AND (""stable isotope*"")","Stenroth, P., Holmqvist, N., NystrÃ¶m, P., Berglund, O., Larsson, P., GranÃ©li, W.",8922754000;8922754500;34572647300;7004101123;16194709300;55664552600;,The influence of productivity and width of littoral zone on the trophic position of a large-bodied omnivore,2008,Oecologia,156,3,NA,681,690,NA,20,10.1007/s00442-008-1019-9,https://www.scopus.com/inward/record.uri?eid=2-s2.0-43349093205&doi=10.1007%2fs00442-008-1019-9&partnerID=40&md5=25f637cbf781973fa983a90d3f7a88c2,Article,Final
043_layman,Scopus,"Layman, C.A.",NA,Y,"Article title, Abstract, Keywords",1/28/2021,"(""food chain length"")AND (stream* OR watershed* OR river*) AND (""stable isotope*"")","Layman, C.A., Quattrochi, J.P., Peyer, C.M., Allgeier, J.E.",6601999841;16239878600;21733808600;21733706500;,Niche width collapse in a resilient top predator following ecosystem fragmentation,2007,Ecology Letters,10,10,NA,937,944,NA,341,10.1111/j.1461-0248.2007.01087.x,https://www.scopus.com/inward/record.uri?eid=2-s2.0-34548544328&doi=10.1111%2fj.1461-0248.2007.01087.x&partnerID=40&md5=7816100161fb6115ebe659634610005c,Article,Final
044_singer,Scopus,"Singer, G.A.","Battin, T.J.",N,"Article title, Abstract, Keywords",1/28/2021,"(""food chain length"")AND (stream* OR watershed* OR river*) AND (""stable isotope*"")","Singer, G.A., Battin, T.J.",8304821000;6602187785;,"Anthropogenic subsidies alter stream consumer-resource stoichiometry, biodiversity, and food chains",2007,Ecological Applications,17,2,NA,376,389,NA,62,10.1890/06-0229,https://www.scopus.com/inward/record.uri?eid=2-s2.0-34247268672&doi=10.1890%2f06-0229&partnerID=40&md5=fde06062e371139d67a2141f35d4be00,Article,Final
045_zanden,Scopus,"Vander Zanden, M. J.","Fetzer, W. W.",N,"Article title, Abstract, Keywords",1/28/2021,"(""food chain length"")AND (stream* OR watershed* OR river*) AND (""stable isotope*"")","Jake Vander Zanden, M., W. Fetzer, W.",31767491600;34968080000;,Global patterns of aquatic food chain length,2007,Oikos,116,8,NA,1378,1388,NA,178,10.1111/j.0030-1299.2007.16036.x,https://www.scopus.com/inward/record.uri?eid=2-s2.0-34447649724&doi=10.1111%2fj.0030-1299.2007.16036.x&partnerID=40&md5=668654005e66c552becd302cd3acb310,Article,Final
046_kelly,Scopus,"Kelly, E.N.",NA,Y,"Article title, Abstract, Keywords",1/28/2021,"(""food chain length"")AND (stream* OR watershed* OR river*) AND (""stable isotope*"")","Kelly, E.N., Schindler, D.W., St. Louis, V.L., Donald, D.B., Vladicka, K.E.",15754120000;23081394300;57205911925;7005415288;15754719100;,Forest fire increases mercury accumulation by fishes via food web restructuring and increased mercury inputs,2006,Proceedings of the National Academy of Sciences of the United States of America,103,51,NA,19380,19385,NA,94,10.1073/pnas.0609798104,https://www.scopus.com/inward/record.uri?eid=2-s2.0-33845903614&doi=10.1073%2fpnas.0609798104&partnerID=40&md5=cfafb60ee74dc14d8e7502d6c147bb92,Article,Final
047_williams,Scopus,"Williams, A.J.","Trexler, J.C.",N,"Article title, Abstract, Keywords",1/28/2021,"(""food chain length"")AND (stream* OR watershed* OR river*) AND (""stable isotope*"")","Williams, A.J., Trexler, J.C.",14057158100;7005437570;,A preliminary analysis of the correlation of food-web characteristics with hydrology and nutrient gradients in the southern Everglades,2006,Hydrobiologia,569,1,NA,493,504,NA,59,10.1007/s10750-006-0151-y,https://www.scopus.com/inward/record.uri?eid=2-s2.0-33746679140&doi=10.1007%2fs10750-006-0151-y&partnerID=40&md5=9189b6f04672fd04776eae330cee92ca,Article,Final
048_orr,Scopus,"Orr, P.L.",NA,Y,"Article title, Abstract, Keywords",1/28/2021,"(""food chain length"")AND (stream* OR watershed* OR river*) AND (""stable isotope*"")","Orr, P.L., Guiguer, K.R., Russel, C.K.",56522659100;7801499519;56210261600;,Food chain transfer of selenium in lentic and lotic habitats of a western Canadian watershed,2006,Ecotoxicology and Environmental Safety,63,2,NA,175,188,NA,72,10.1016/j.ecoenv.2005.09.004,https://www.scopus.com/inward/record.uri?eid=2-s2.0-33646149171&doi=10.1016%2fj.ecoenv.2005.09.004&partnerID=40&md5=1c3230a0ef566bfa72fb8bf776a4c7dd,Article,Final
049_layman,Scopus,"Layman, C.A.",NA,Y,"Article title, Abstract, Keywords",1/28/2021,"(""food chain length"")AND (stream* OR watershed* OR river*) AND (""stable isotope*"")","Layman, C.A., Winemiller, K.O., Arrington, D.A., Jepsen, D.B.",6601999841;7003495043;7004752623;7003431256;,Body size and trophic position in a diverse tropical food web,2005,Ecology,86,9,NA,2530,2535,NA,186,10.1890/04-1098,https://www.scopus.com/inward/record.uri?eid=2-s2.0-23944487667&doi=10.1890%2f04-1098&partnerID=40&md5=786e9ad6adbbe500b0ec0c6dcfffbb9b,Article,Final
050_jepsen,Scopus,"Jepsen, D.B.","Winemiller, K.O.",N,"Article title, Abstract, Keywords",1/28/2021,"(""food chain length"")AND (stream* OR watershed* OR river*) AND (""stable isotope*"")","Jepsen, D.B., Winemiller, K.O.",7003431256;7003495043;,Structure of tropical river food webs revealed by stable isotope ratios,2002,Oikos,96,1,NA,46,55,NA,150,10.1034/j.1600-0706.2002.960105.x,https://www.scopus.com/inward/record.uri?eid=2-s2.0-0036099146&doi=10.1034%2fj.1600-0706.2002.960105.x&partnerID=40&md5=8b2ac913d984ba063fa4e06a4760bb2f,Article,Final
051_rolff,Scopus,"Rolff, C.","Elmgren, R.",N,"Article title, Abstract, Keywords",1/28/2021,"(""food chain length"")AND (stream* OR watershed* OR river*) AND (""stable isotope*"")","Rolff, C., Elmgren, R.",6602216091;6604024390;,Use of riverine organic matter in plankton food webs of the Baltic Sea,2000,Marine Ecology Progress Series,197,NA,NA,81,101,NA,59,10.3354/meps197081,https://www.scopus.com/inward/record.uri?eid=2-s2.0-0034640488&doi=10.3354%2fmeps197081&partnerID=40&md5=c6da096070e02452124fd49c8b1266b7,Article,Final
052_lake,vander_zanden_2007_oikos,"Lake, J.L.",NA,Y,NA,NA,NA,"Lake, J.L., Mckinney, R.A., Osterman, F.A., Pruell, R.J., Kiddon, J., Ryba, S.A., Libby, A.D.",NA,Stable nitrogen isotopes as indicators of anthropogenic activities in small freshwater systems,2001,Canadian Journal of Fisheries and Aquatic Sciences,58,5,NA,870,878,NA,NA,10.1139/cjfas-58-5-871,https://www.scopus.com/record/display.uri?eid=2-s2.0-0034891484&origin=resultslist&sort=plf-f&src=s&sid=343d31033f16ce203725c57555f943e0&sot=b&sdt=b&sl=109&s=TITLE-ABS-KEY%28Stable+nitrogen+isotopes+as+indicators+of+anthropogenic+activities+in+small+freshwater+systems%29&relpos=0&citeCnt=133&searchTerm=,NA,NA
053_mccarthy,vander_zanden_2007_oikos,"McCarthy, L.H.",NA,Y,NA,NA,NA,"McCarthy, L.H., Robertson, K.,Hesslein, R.H., Williams, T.G",NA,"Baseline studies in the Slave River, NWT, 1990-1994: Part IV. Evaluation of benthic invertebrate populations and stable isotope analyses",1997,Science of the Total Environment,197,1-3,NA,21,53,NA,NA,10.1016/S0048-9697(96)05422-8,https://www.scopus.com/record/display.uri?eid=2-s2.0-0030617886&origin=resultslist&sort=plf-f&src=s&sid=a847c82beb8c814070cfe8130a8a4175&sot=b&sdt=b&sl=152&s=TITLE-ABS-KEY%28Baseline+studies+in+the+Slave+River%2c+NWT%2c+1990-+1994%3a+Part+IV.+Evaluation+of+benthic+invertebrate+populations+and+stable+isotope+analyses%29&relpos=0&citeCnt=10&searchTerm=,NA,NA
054_hamilton,vander_zanden_2007_oikos,"Hamilton, S.K.",NA,Y,NA,NA,NA,"Hamilton, S.K., Lewis, Jr. W.M., Sippel, S.J.",NA,Energy sources for aquatic animals in the Orinoco River floodplain: evidence from stable isotopes,1992,Oecologia,89,NA,NA,324,330,NA,NA,10.1007/BF00317409,https://www.scopus.com/record/display.uri?eid=2-s2.0-0027090532&origin=resultslist&sort=plf-f&src=s&sid=047df9a94af3f4ebc1f4c001a62ac5cf&sot=b&sdt=b&sl=112&s=TITLE-ABS-KEY%28Energy+sources+for+aquatic+animals+in+the+Orinoco+River+floodplain%3a+evidence+from+stable+isotopes%29&relpos=0&citeCnt=214&searchTerm=,NA,NA
055_angradi,vander_zanden_2007_oikos,Angradi T.R.,NA,N,NA,NA,NA,Angradi T.R.,NA,Trophic linkages in the lower Colorado River: Multiple stable isotope evidence ,1994,Journal of the North American Benthological Society,13,4,NA,479,495,NA,NA,10.2307/1467845,https://www.scopus.com/record/display.uri?eid=2-s2.0-0028251843&origin=resultslist&sort=plf-f&src=s&sid=5a41ed767cd1f0321538b315fe1ea945&sot=b&sdt=b&sl=93&s=TITLE-ABS-KEY%28Trophic+Linkages+in+the+Lower+Colorado+River%3a+Multiple+Stable+Isotope+Evidence%29&relpos=0&citeCnt=97&searchTerm=,NA,NA
056_thorp,vander_zanden_2007_oikos,"Thorp, J.H.",NA,Y,NA,NA,NA,"Thorp, J.H., Delong, M.D., Greenwood, K.S., Casper, A.F.",NA,Isotopic analysis of three food web theories in constricted and floodplain regions of a large river,1998,Oecologia,117,NA,NA,551,563,NA,NA,10.1007/s004420050692,https://www.scopus.com/record/display.uri?eid=2-s2.0-0032423041&origin=resultslist&sort=plf-f&src=s&sid=663cc6d152f7d2dc712c8142753e86ec&sot=b&sdt=b&sl=114&s=TITLE-ABS-KEY%28Isotopic+Analysis+of+Three+Food+Web+Theories+in+Constricted+and+Floodplain+Regions+of+a+Large+River%29&relpos=0&citeCnt=171&searchTerm=,NA,NA
057_fisher,vander_zanden_2007_oikos,"Fisher, S.J.",NA,Y,NA,NA,NA,"Fisher, S.J., Brown, M.L., Willis, D.W.",NA,Temporal food web variability in an upper Missouri River backwater: energy origination points and transfer mechanisms,2001,Ecology of Freshwater Fish,10,3,NA,154,167,NA,NA,10.1034/j.1600-0633.2001.100305.x,https://www.scopus.com/record/display.uri?eid=2-s2.0-0034762301&origin=resultslist&sort=plf-f&src=s&sid=64867f67de2baa009c435820c170e6a7&sot=b&sdt=b&sl=132&s=TITLE-ABS-KEY%28Temporal+food+web+variability+in+an+upper+Missouri+River+backwater%3a+energy+origination+points+and+transfer+mechanisms%29&relpos=0&citeCnt=37&searchTerm=,NA,NA
058_debruyn,vander_zanden_2007_oikos,"DeBruyn, A.M.H.",NA,Y,NA,NA,NA,"DeBruyn, A.M.H., Marcogliese, D.J., Rasmussen, J.B.",NA,The role of sewage in a large river food web,2003,Canadian Journal of Fisheries and Aquatic Sciences,60,11,NA,1332,1344,NA,NA,10.1139/f03-114,"https://www.scopus.com/record/display.uri?eid=2-s2.0-1042279211&origin=resultslist&sort=plf-f&src=s&sid=57d9b72a157f2c00c25795bc211379d0&sot=b&sdt=b&sl=59&s=TITLE-ABS-KEY%28The+role+of+sewage+in+a+large+river+food+web%29&relpos=1&citeCnt=75&searchTerm=&featureToggles=FEATURE_VIEW_PDF:1,FEATURE_DOC_DETAILS_TOOLBAR:1",NA,NA
059_delong,vander_zanden_2007_oikos,"Delong, M.D.",NA,Y,NA,NA,NA,"Delong, M.D., Thorp, J.H., Greenwood, K.S., Miller, M.C.",NA,"Responses of consumers and food resources to a high magnitude, unpredicted flood in the Upper Mississippi River Basin",2001,River Research and Applications,17,3,NA,217,234,NA,NA,10.1002/rrr.614,"https://www.scopus.com/record/display.uri?eid=2-s2.0-0034984657&origin=resultslist&sort=plf-f&src=s&sid=1ef85cc2730ac801ce6c620ad49bdc3c&sot=b&sdt=b&sl=132&s=TITLE-ABS-KEY%28Responses+of+consumers+and+food+resources+to+a+high+magnitude%2c+unpredicted+flood+in+the+Upper+Mississippi+River+Basin%29&relpos=0&citeCnt=41&searchTerm=&featureToggles=FEATURE_VIEW_PDF:1,FEATURE_DOC_DETAILS_TOOLBAR:1",NA,NA
060_jepsen,vander_zanden_2007_oikos,"Jepsen, D.B.","Winemiller, K.O.",N,NA,NA,NA,"Jepsen, D.B., Winemiller, K.O.",NA,Structure of tropical river food webs reveled by stable isotope ratios,2002,Oikos,96,1,NA,46,55,NA,NA,10.1034/j.1600-0706.2002.960105.x,https://www.researchgate.net/publication/227734431_Structure_of_tropical_river_food_webs_reveled_by_stable_isotope_ratios,NA,NA
061_fry,vander_zanden_2007_oikos,"Fry, B.",NA,N,NA,NA,NA,"Fry, B.",NA,Stable isotope diagrams of freshwater food webs,1991,Ecology of Freshwater Fish,72,6,NA,2293,2297,NA,NA,10.2307/1941580,https://esajournals.onlinelibrary.wiley.com/doi/abs/10.2307/1941580,NA,NA
062_lake,vander_zanden_2007_oikos,"Lake, J.L.",NA,Y,NA,NA,NA,"Lake, J.L., McKinney, R.A., Osterman, F.A., Pruell, R.J., Kiddon, J., Ryba, S.A., Libby, A.D.",NA,Stable nitrogen isotopes as indicators of anthropogenic activities in small freshwater systems,2001,Canadian Journal of Fisheries and Aquatic Sciences,58,5,NA,870,878,NA,NA,10.1139/f01-038,"https://www.scopus.com/record/display.uri?eid=2-s2.0-0034891484&origin=resultslist&sort=plf-f&src=s&sid=b22cf7479ac88aab06ffa6214123d561&sot=b&sdt=b&sl=109&s=TITLE-ABS-KEY%28Stable+nitrogen+isotopes+as+indicators+of+anthropogenic+activities+in+small+freshwater+systems%29&relpos=0&citeCnt=133&searchTerm=&featureToggles=FEATURE_VIEW_PDF:1,FEATURE_DOC_DETAILS_TOOLBAR:1#metrics",NA,NA
063_peterson,vander_zanden_2007_oikos,"Peterson, B.",NA,Y,NA,NA,NA,"Peterson, B., Fry, B., Deegan, L., Hershey, A.",NA,The trophic significance of epilithic algal production in a fertilized tundra river ecosystem,1993,Limnology and Oceanography,38,4,NA,872,878,NA,NA,10.4319/lo.1993.38.4.0872,"https://www.scopus.com/record/display.uri?eid=2-s2.0-0027800366&origin=resultslist&sort=plf-f&src=s&sid=e87693abb2eb0cd3a25df6513b0c7f81&sot=b&sdt=b&sl=108&s=TITLE-ABS-KEY%28The+trophic+significance+of+epilithic+algal+production+in+a+fertilized+tundra+river+ecosystem%29&relpos=0&citeCnt=73&searchTerm=&featureToggles=FEATURE_VIEW_PDF:1,FEATURE_DOC_DETAILS_TOOLBAR:1",NA,NA
064_finlay,vander_zanden_2007_oikos,"Finlay, J.C.",NA,Y,NA,NA,NA,"Finlay, J.C., Power, M.E., Cabana, G.",NA,Effects of water velocity on algal carbon isotope ratios: Implications for river food web studies,1999,Limnology and Oceanography,44,5,NA,1198,1203,NA,NA,10.4319/lo.1999.44.5.1198,"https://www.scopus.com/record/display.uri?eid=2-s2.0-0032805374&origin=resultslist&sort=plf-f&src=s&sid=3dd2a2d3eb04f27937165ea54ef80af8&sot=b&sdt=b&sl=112&s=TITLE-ABS-KEY%28Effects+of+water+velocity+on+algal+carbon+isotope+ratios%3a+Implications+for+river+food+web+studies%29&relpos=0&citeCnt=218&searchTerm=&featureToggles=FEATURE_VIEW_PDF:1,FEATURE_DOC_DETAILS_TOOLBAR:1",NA,NA
065_bunn,vander_zanden_2007_oikos,"Bunn, S.E.",NA,Y,NA,NA,NA,"Bunn, S.E., Davies, P.M., Kellaway, D.M.",NA,Contributions of sugar cane and invasive pasture grass to the aquatic food web of a tropical lowland stream,1997,Marine and Freshwater Research,48,2,NA,173,179,NA,NA,10.1071/MF96055,"https://www.scopus.com/record/display.uri?eid=2-s2.0-0030619486&origin=resultslist&sort=plf-f&src=s&sid=05449c9b4f3ac351e87ef9ea4cfcf84c&sot=b&sdt=b&sl=123&s=TITLE-ABS-KEY%28Contributions+of+sugar+cane+and+invasive+pasture+grass+to+the+aquatic+food+web+of+a+tropical+lowland+stream.%29&relpos=0&citeCnt=90&searchTerm=&featureToggles=FEATURE_VIEW_PDF:1,FEATURE_DOC_DETAILS_TOOLBAR:1",NA,NA
066_mantel,vander_zanden_2007_oikos,"Mantel, S.K.",NA,Y,NA,NA,NA,"Mantel, S.K., Salas, M., Dudgeon, D.",NA,Foodweb structure in a tropical Asian forest stream,2004,Journal of the North American Benthological Society,23,4,NA,728,755,NA,NA,10.1899/0887-3593(2004)023<0728:FSIATA>2.0.CO;2,"https://www.scopus.com/record/display.uri?eid=2-s2.0-9644284280&origin=resultslist&sort=plf-f&src=s&sid=9cbe70f7144d0ef0ced9bdc84479e22f&sot=b&sdt=b&sl=66&s=TITLE-ABS-KEY%28Foodweb+structure+in+a+tropical+Asian+forest+stream%29&relpos=0&citeCnt=81&searchTerm=&featureToggles=FEATURE_VIEW_PDF:1,FEATURE_DOC_DETAILS_TOOLBAR:1",NA,NA
067_graening,vander_zanden_2007_oikos,"Graening, G.O.","Brown, A.V.",N,NA,NA,NA,"Graening, G.O., Brown, A.V.",NA,Ecosystem dynamics and pollution effects in an Ozark cave stream,2003,Journal of the American Water Resources Association,39,6,NA,1497,1507,NA,NA,10.1111/j.1752-1688.2003.tb04434.x,"https://www.scopus.com/record/display.uri?eid=2-s2.0-1642482820&origin=resultslist&sort=plf-f&src=s&sid=b23d52ab1e50cda4db6554a75ff921f1&sot=b&sdt=b&sl=79&s=TITLE-ABS-KEY%28ECOSYSTEM+DYNAMICS+AND+POLLUTION+EFFECTS+IN+AN+OZARK+CAVE+STREAM%29&relpos=0&citeCnt=48&searchTerm=&featureToggles=FEATURE_VIEW_PDF:1,FEATURE_DOC_DETAILS_TOOLBAR:1",NA,NA
068_perry,vander_zanden_2007_oikos,"Perry, R.W.",NA,Y,NA,NA,NA,"Perry, R.W., Bradford, M.J., Grout, J.A.",NA,Effects of disturbance on contribution of energy sources to growth of juvenile chinook salmon (Oncorhynchus tshawytscha) in boreal streams,2003,Canadian Journal of Fisheries and Aquatic Sciences,60,4,NA,390,400,NA,NA,10.1139/f03-035,"https://www.scopus.com/record/display.uri?eid=2-s2.0-0041346117&origin=resultslist&sort=plf-f&src=s&sid=cfcf56d0f7f6509a7b0fac4ebe6bb93e&sot=b&sdt=b&sl=81&s=TITLE-ABS-KEY%28Effects+of+disturbance+on+contribution+of+energy+sources+to+growth%29&relpos=5&citeCnt=18&searchTerm=&featureToggles=FEATURE_VIEW_PDF:1,FEATURE_DOC_DETAILS_TOOLBAR:1",NA,NA
069_simon,vander_zanden_2007_oikos,"Simon, K.S.",NA,Y,NA,NA,NA,"Simon, K.S., Benfield, E.F., Macko, S.A.",NA,Food web structure and the role of epilithic biofilms in cave streams,2003,Ecology,84,9,NA,2395,2406,NA,NA,10.1890/02-334,"https://www.scopus.com/record/display.uri?eid=2-s2.0-0345016303&origin=resultslist&sort=plf-f&src=s&sid=c6d470e5d6e0641aba281a32bcc6ff0c&sot=b&sdt=b&sl=84&s=TITLE-ABS-KEY%28Food+Web+Structure+and+the+Role+of+Epilithic+Biofilms+in+Cave+Streams%29&relpos=0&citeCnt=118&searchTerm=&featureToggles=FEATURE_VIEW_PDF:1,FEATURE_DOC_DETAILS_TOOLBAR:1",NA,NA
070_spencer,vander_zanden_2007_oikos,"Spencer, C.N.",NA,Y,NA,NA,NA,"Spencer, C.N., Gabel, K.O., Hauer, F.R.",NA,"Wildfire effects on stream food webs and nutrient dynamics in Glacier National Park, USA",2003,Forest Ecology and Management,178,1-2,NA,141,153,NA,NA,10.1016/S0378-1127(03)00058-6,"https://www.scopus.com/record/display.uri?eid=2-s2.0-0038075372&origin=resultslist&sort=plf-f&src=s&sid=6fcdcec6c6228e56e131bb86cb8ff09b&sot=b&sdt=b&sl=104&s=TITLE-ABS-KEY%28Wildfire+effects+on+stream+food+webs+and+nutrient+dynamics+in++Glacier+National+Park%2c+USA%29&relpos=0&citeCnt=117&searchTerm=&featureToggles=FEATURE_VIEW_PDF:1,FEATURE_DOC_DETAILS_TOOLBAR:1",NA,NA
071_bilby,vander_zanden_2007_oikos,"Bilby, R.E.",NA,Y,NA,NA,NA,"Bilby, R.E., Fransen, B.R., Bisson, P.A.",NA,Incorporation of nitrogen and carbon from spawning coho salmon into the trophic system of small streams: Evidence from stable isotopes,1996,Canadian Journal of Fisheries and Aquatic Sciences,53,1,NA,164,173,NA,NA,10.1139/f95-159,"https://www.scopus.com/record/display.uri?eid=2-s2.0-0000709154&origin=resultslist&sort=plf-f&src=s&sid=6230fef3b45b2112ba799255f2bbfcaa&sot=b&sdt=b&sl=149&s=TITLE-ABS-KEY%28Incorporation+of+nitrogen+and+carbon+from+spawning+coho+salmon+into+the+trophic+system+of+small+streams%3a+evidence+from+stable+isotopes%29&relpos=0&citeCnt=374&searchTerm=&featureToggles=FEATURE_VIEW_PDF:1,FEATURE_DOC_DETAILS_TOOLBAR:1",NA,NA
072_doucett,vander_zanden_2007_oikos,"Doucett, R.R.",NA,Y,NA,NA,NA,"Doucett, R.R., Power, G., Barton, D.R., Drimmie, R.J.,Cunjak, R.A.",NA,Stable isotope analysis of nutrient pathways leading to Atlantic salmon,1996,Canadian Journal of Fisheries and Aquatic Sciences,53,9,NA,2058,2066,NA,NA,10.1139/f96-132,"https://www.scopus.com/record/display.uri?eid=2-s2.0-0030404444&origin=resultslist&sort=plf-f&src=s&sid=4cd3ffef024f16b6ad6e3cd6f0cb5a3c&sot=b&sdt=b&sl=86&s=TITLE-ABS-KEY%28Stable+isotope+analysis+of+nutrient+pathways+leading+to+Atlantic+salmon%29&relpos=0&citeCnt=77&searchTerm=&featureToggles=FEATURE_VIEW_PDF:1,FEATURE_DOC_DETAILS_TOOLBAR:1",NA,NA
073_charles,vander_zanden_2007_oikos,"Charles, K.",NA,Y,NA,NA,NA,"Charles, K., Roussel, J.M., Cunjak, R.A.",NA,Estimating the contribution of sympatric anadromous and freshwater resident brown trout to juvenile production,2004,Marine and Freshwater Research,55,2,NA,185,191,NA,NA,10.1071/MF03173,"https://www.scopus.com/record/display.uri?eid=2-s2.0-2342590847&origin=resultslist&sort=plf-f&src=s&sid=04e1a5498fe4a509db6daea0b57b381a&sot=b&sdt=b&sl=125&s=TITLE-ABS-KEY%28Estimating+the+contribution+of+sympatric+anadromous+and+freshwater+resident+brown+trout+to+juvenile+production%29&relpos=0&citeCnt=27&searchTerm=&featureToggles=FEATURE_VIEW_PDF:1,FEATURE_DOC_DETAILS_TOOLBAR:1",NA,NA
074_march,vander_zanden_2007_oikos,"March, J.G.","Pringle, C.M.",N,NA,NA,NA,"March, J.G., Pringle, C.M.",NA,"Food web structure and basal resource utilization along a tropical island stream continuum, Puerto Rico",2003,Biotropica,35,1,NA,84,93,NA,NA,10.1111/j.1744-7429.2003.tb00265.x,"https://www.scopus.com/record/display.uri?eid=2-s2.0-0038477070&origin=resultslist&sort=plf-f&src=s&sid=3f90a7438cd4fc1b37664c8fc8198b92&sot=b&sdt=b&sl=118&s=TITLE-ABS-KEY%28Food+Web+Structure+and+Basal+Resource+Utilization+along+a+Tropical+Island+Stream+Continuum%2c+Puerto+Rico%29&relpos=0&citeCnt=138&searchTerm=&featureToggles=FEATURE_VIEW_PDF:1,FEATURE_DOC_DETAILS_TOOLBAR:1",NA,NA
075_steffy,vander_zanden_2007_oikos,"Steffy, L.","Kilham, S.S.",N,NA,NA,NA,"Steffy, L., Kilham, S.S.",NA,Elevated delta N-15 in stream biota in areas with septic tank systems in an urban watershed.,2004,Ecological Applications,14,3,NA,637,641,NA,NA,10.1890/03-5148,https://www.researchgate.net/publication/250077637_Elevated_d15N_in_Stream_Biota_in_Areas_With_Septic_Tank_Systems_in_an_Urban_Watershed,NA,NA
076_hicks,vander_zanden_2007_oikos,"Hicks, B.J.",NA,N,NA,NA,NA,"Hicks, B.J.",NA,"Food webs in forest and pasture streams in the Waikato region, New Zealand: A study based on analyses of stable isotopes of carbon and nitrogen, and fish gut contents",1997,New Zealand Journal of Marine and Freshwater Research,31,5,NA,651,654,NA,NA,10.1080/00288330.1997.9516796,"https://www.scopus.com/record/display.uri?eid=2-s2.0-0000793670&origin=resultslist&sort=plf-f&src=s&sid=dcffa02bd13dc45135185e11e96252b5&sot=b&sdt=b&sl=181&s=TITLE-ABS-KEY%28Food+webs+in+forest+and+pasture+streams+in+the+Waikato+region%2c+New+Zealand%3a+A+study+based+on+analyses+of+stable+isotopes+of+carbon+and+nitrogen%2c+and+fish+gut+contents%29&relpos=0&citeCnt=85&searchTerm=&featureToggles=FEATURE_VIEW_PDF:1,FEATURE_DOC_DETAILS_TOOLBAR:1",NA,NA
077_kline,vander_zanden_2007_oikos,"Kline, T.",NA,Y,NA,NA,NA,"Kline, T., Goering, J., Mathisen, O., Poe, P., Parker, P.",NA,"Recycling of elements transported upstream by runs of Pacific salmon: 15N and 13C evidence in Sashin Creek, Southeastern Alaska",1990,Canadian Journal of Fisheries and Aquatic Sciences,47,1,NA,136,144,NA,NA,10.1139/f90-014,https://www.researchgate.net/publication/237183342_Recycling_of_Elements_Transported_Upstream_by_Runs_of_Pacific_Salmon_I_15N_and_13C_Evidence_in_Sashin_Creek_Southeastern_Alaska,NA,NA
078_sabo,additional_search,"Sabo, J. L.",NA,Y,NA,NA,NA,"Sabo, J. L., Finlay, J. C., Kennedy, T., & Post, D. M.",NA,The role of discharge variation in scaling of drainage area and food chain length in rivers,2010,Science ,330,NA,6006,965,967,NA,NA,NA,NA,NA,NA
079_sabo,additional_search,"Sabo, J. L.",NA,Y,NA,NA,NA,"Sabo, J.L., Caron, M., Doucett, R., Dibble, K.L., Ruhi, A., Marks, J.C., Hungate, B.A. and Kennedy, T.A.",NA,"Pulsed flows, tributary inputs and food-web structure in a highly regulated river",2018,Journal of Applied Ecology,55,4,NA,1884,1895,NA,NA,NA,NA,NA,NA
080_itakura,additional_search,"Itakura, H.",NA,Y,NA,NA,NA,"Itakura, H., Wakiya, R., Gollock, M. and Kaifu, K.",NA,Anguillid eels as a surrogate species for conservation of freshwater biodiversity in Japan,2020,Scientific Reports,10,1,8790,NA,NA,NA,NA,NA,NA,NA,NA
081_burdon,additional_search,"Burdon, F.J.",NA,Y,NA,NA,NA,"Burdon, F.J., McIntosh, A.R. and Harding, J.S.",NA,Mechanisms of trophic niche compression: Evidence from landscape disturbance,2020,Journal of Animal Ecology,89,3,NA,730,744,NA,NA,NA,NA,NA,NA
082_fraley,additional_search,"Fraley, K.M.",NA,Y,NA,NA,NA,"Fraley, K.M., McHugh, P.A. and McIntosh, A.R.",NA,Influence of maternally-transferred nitrogen and carbon on stable isotope ratios in juvenile chinook salmon,2020,North American Journal of Fisheries Management,40,1,NA,175,181,NA,NA,NA,NA,NA,NA
083_maitland,additional_search,"Maitland, B.M.","Rahel, F.J.",N,NA,NA,NA,"Maitland, B.M. and Rahel, F.J.",NA,Aquatic food web expansion and trophic redundancy along the Rocky Mountain–Great Plains ecotone,2023,Ecology,104,7,e4103,NA,NA,NA,NA,NA,NA,NA,NA
084_willemiller,additional_search,"Winemiller, K.O.",NA,Y,NA,NA,NA,"Winemiller, K.O., Andrade, M.C., Arantes, C.C., Bokhutlo, T., Bower, L.M., Cunha, E.R., Keppeler, F.W., López-Delgado, E.O., Quintana, Y., Saenz, D.E. and Mayes, K.B.",NA,Can spatial food web subsidies associated with river hydrology and lateral connectivity be detected using stable isotopes?,2023,Food Webs,34,NA,e00246,NA,NA,NA,NA,NA,NA,NA,NA
085_barnard,,"Barnard, C.",NA,Y,,,,"Barnard, C., Martineau, C., Frenette, J.J., Dodson, J.J. and Vincent, W.F.",NA,Trophic position of zebra mussel veligers and their use of dissolved organic carbon,2006,Limnology and Oceanography,51,3,NA,1473,1484,NA,NA,NA,NA,NA,NA
086_bergfur,,"Bergfur, J.",NA,Y,,,,"Bergfur, J., Johnson, R.K., Sandin, L. and Goedkoop, W.",NA,"Effects of nutrient enrichment on C and N stable isotope ratios of invertebrates, fish and their food resources in boreal streams",2009,Hydrobiologia,628,NA,NA,67,79,NA,NA,NA,NA,NA,NA
087_chasar,,"Chasar, L.C.",NA,Y,,,,"Chasar, L.C., Scudder, B.C., Stewart, A.R., Bell, A.H. and Aiken, G.R.",NA,Mercury cycling in stream ecosystems. 3. Trophic dynamics and methylmercury bioaccumulation,2009,Environmental Science and Technology,43,8,NA,2733,2739,NA,NA,NA,NA,NA,NA
088_coat,,"Coat, S.",NA,Y,,,,"Coat, S., Monti, D., Bouchon, C. and Lepoint, G.",NA,Trophic relationships in a tropical stream food web assessed by stable isotope analysis,2009,Freshwater Biology,54,5,NA,1028,1041,NA,NA,NA,NA,NA,NA
089_dekar,,"Dekar, M.P.",NA,Y,,,,"Dekar, M.P., Magoulick, D.D. and Huxel, G.R.",NA,Shifts in the trophic base of intermittent stream food webs,2009,Hydrobiologia,635,NA,NA,263,277,NA,NA,NA,NA,NA,NA
090_delong,,"Delong, M.D.","Thorp, J.H.",N,,,,"Delong, M.D. and Thorp, J.H.",NA,Significance of instream autotrophs in trophic dynamics of the Upper Mississippi River,2006,Oecologia,147,NA,NA,76,85,NA,NA,NA,NA,NA,NA
091_doi,,"Doi, H.",NA,Y,,,,"Doi, H., Takagi, A., Mizota, C., Okano, J.I., Nakano, S.I. and Kikuchi, E.",NA,Contribution of chemoautotrophic production to freshwater macroinvertebrates in a headwater stream using multiple stable isotopes,2006,International Review of Hydrobiology,91,6,NA,501,508,NA,NA,NA,NA,NA,NA
092_eitzman,,"Eitzmann, J.L.","Paukert, C.P.",N,,,,"Eitzmann, J.L. and Paukert, C.P.",NA,Urbanization in a Great Plains river: Effects on fishes and food webs,2010,River Research and Applications,26,8,NA,948,959,NA,NA,NA,NA,NA,NA
093_rypel,,"Rypel, A.L.",NA,Y,,,,"Rypel, A.L., Arrington, D.A. and Findlay, R.H.",NA,Mercury in Southeastern U.S. riverine fish populations linked to water body type,2008,Environmental Science and Technology,42,14,NA,5118,5124,NA,NA,NA,NA,NA,NA
094_fureder,,"Füreder, L.",NA,Y,,,,"Füreder, L., Welter, C. and Jackson, J.K.",NA,"Dietary and stable ssotope (δ 13C, δ 15N) analyses in alpine stream insects",2003,International Review of Hydrobiology: A Journal Covering all Aspects of Limnology and Marine Biology,88,3-4,NA,314,331,NA,NA,NA,NA,NA,NA
095_gido,,"Gido, K.B.",NA,Y,,,,"Gido, K.B., Franssen, N.R. and Propst, D.L.",NA,"Spatial variation in d15N and d13C isotopes in the San Juan River, New Mexico and Utah: implications for the conservation of native fishes",2006,Environmental Biology of Fishes,75,NA,NA,197,207,NA,NA,NA,NA,NA,NA
096_gothe,,"Göthe, E.",NA,Y,,,,"Göthe, E., Lepori, F. and Malmqvist, B.,",NA,Forestry affects food webs in northern Swedish coastal streams,2009,Fundamental and Applied Limnology,175,4,NA,281,294,NA,NA,NA,NA,NA,NA
097_hoeinghaus,,"Hoeinghaus, D.J.",NA,Y,,,,"Hoeinghaus, D.J., Winemiller, K.O. and Agostinho, A.A.",NA,Landscape-scale hydrologic characteristics differentiate patterns of carbon flow in large-river food webs,2007,Ecosystems,10,NA,NA,1019,1033,NA,NA,NA,NA,NA,NA
098_hoeinghaus,,"Hoeinghaus, D.J.",NA,Y,,,,"Hoeinghaus, D.J., Winemiller, K.O. and Agostinho, A.A.",NA,Hydrogeomorphology and river impoundment affect food-chain length of diverse Neotropical food webs,2008,Oikos,117,7,NA,984,995,NA,NA,NA,NA,NA,NA
099_huang,,"Huang, I.Y.",NA,Y,,,,"Huang, I.Y., Lin, Y.S., Chen, C.P. and Hsieh, H.L.",NA,Food web structure of a subtropical headwater stream,2007,Marine and Freshwater Research,58,7,NA,596,607,NA,NA,NA,NA,NA,NA
100_jenkins,,"Jenkins, B.",NA,Y,,,,"Jenkins, B., Kitching, R.L. and Pimm, S.L.",NA,"Productivity, disturbance and food web structure at a local spatial scale in experimental container habitats",1992,Oikos,NA,NA,NA,249,255,NA,NA,NA,NA,NA,NA
101_jepsen,,"Jepsen, D.B.","Winemiller, K.O.",N,,,,"Jepsen, D.B. and Winemiller, K.O.",NA,Basin geochemistry and isotopic ratios of fishes and basal production sources in four neotropical rivers,2007,Ecology of Freshwater Fish,16,3,NA,267,281,NA,NA,NA,NA,NA,NA
102_kato,,"Kado, C.",NA,Y,,,,"Kato, C., Iwata, T. and Wada, E.",NA,Prey use by web-building spiders: stable isotope analyses of trophic flow at a forest-stream ecotone,2004,Ecological Research,19,NA,NA,633,643,NA,NA,NA,NA,NA,NA
103_kohzu,,"Kohzu, A.",NA,Y,,,,"Kohzu, A., Tayasu, I., Yoshimizu, C., Maruyama, A., Kohmatsu, Y., Hyodo, F., Onoda, Y., Igeta, A., Matsui, K., Nakano, T. and Wada, E.",NA,"Nitrogen-stable isotopic signatures of basal food items, primary consumers and omnivores in rivers with different levels of human impact",2009,Ecological Research,24,1,NA,127,136,NA,NA,NA,NA,NA,NA
104_lau,,"Lau, D.C.",NA,Y,,,,"Lau, D.C., Leung, K.M. and Dudgeon, D.",NA,What does stable isotope analysis reveal about trophic relationships and the relative importance of allochthonous and autochthonous resources in tropical streams? A synthetic study from Hong Kong,2009,Freshwater Biology,54,1,NA,127,141,NA,NA,NA,NA,NA,NA
105_lau,,"Lau, D.C.",NA,Y,,,,"Lau, D.C., Leung, K.M. and Dudgeon, D.",NA,Are autochthonous foods more important than allochthonous resources to benthic consumers in tropical headwater streams?,2009,Journal of the North American Benthological Society,28,2,NA,426,439,NA,NA,NA,NA,NA,NA
106_li,,"Li, A.O.","Dudgeon, D.",N,,,,"Li, A.O. and Dudgeon, D.",NA,Food resources of shredders and other benthic macroinvertebrates in relation to shading conditions in tropical Hong Kong streams,2008,Freshwater Biology,53,10,NA,2011,2025,NA,NA,NA,NA,NA,NA
107_marty,,"Marty, J.",NA,Y,,,,"Marty, J., Smokorowski, K. and Power, M.",NA,The influence of fluctuation ramping rates on the food web of boreal rivers,2009,River research and Applications,25,8,NA,962,974,NA,NA,NA,NA,NA,NA
108_mercado-silva,,"Mercado‐Silva, N.",NA,Y,,,,"Mercado‐Silva, N., Helmus, M.R. and Zanden, M.J.V.",NA,The effects of impoundment and non-native species on a river food web in Mexico's central plateau,2009,River Research and Applications,25,9,NA,1090,1108,NA,NA,NA,NA,NA,NA
109_olsson,,"Olsson, K.",NA,Y,,,,"Olsson, K., Nyström, P., Stenroth, P., Nilsson, E., Svensson, M. and Graneli, W.",NA,"The influence of food quality and availability on trophic position, carbon signature, and growth rate of an omnivorous crayfish",2008,Canadian Journal of Fisheries and Aquatic Sciences,65,10,NA,2293,2304,NA,NA,NA,NA,NA,NA
110_reid,,"Reid, D.J.",NA,Y,,,,"Reid, D.J., Quinn, G.P., Lake, P.S. and Reich, P.",NA,Terrestrial detritus supports the food webs in lowland intermittent streams of south-eastern Australia: a stable isotope study,2008,Freshwater Biology,53,10,NA,2036,2050,NA,NA,NA,NA,NA,NA
111_roach,,"Roach, K.A.",NA,Y,,,,"Roach, K.A., Winemiller, K.O., Layman, C.A. and Zeug, S.C.",NA,Consistent trophic patterns among fishes in lagoon and channel habitats of a tropical floodplain river: Evidence from stable isotopes,2009,Acta Oecologica,35,4,NA,513,522,NA,NA,NA,NA,NA,NA
112_robinson,,"Robinson, C.T.",NA,Y,,,,"Robinson, C.T., Schmid, D., Svoboda, M. and Bernasconi, S.M.",NA,Functional measures and food webs of high elevation springs in the Swiss alps,2008,Aquatic Sciences,70,NA,NA,432,445,NA,NA,NA,NA,NA,NA
113_romanuk,,"Romanuk, T.N.",NA,Y,,,,"Romanuk, T.N., Jackson, L.J., Post, J.R., McCauley, E. and Martinez, N.D.",NA,The structure of food webs along river networks,2006,Ecography,29,1,NA,3,10,NA,NA,NA,NA,NA,NA
114_sorensen,,"Sorensen, P.W.","Hobson, K.A",N,,,,"Sorensen, P.W. and Hobson, K.A",NA,Stable isotope analysis of amphidromous Hawaiian gobies suggests their larvae spend a substantial period of time in freshwater river plumes,2005,Environmental Biology of Fishes,74,NA,NA,31,42,NA,NA,NA,NA,NA,NA
115_syvaranta,,"Syväranta, J.",NA,Y,,,,"Syväranta, J., Cucherousset, J., Kopp, D., Crivelli, A., Céréghino, R. and Santoul, F.",NA,"Dietary breadth and trophic position of introduced European catfish Silurus glanis in the River Tarn (Garonne River basin), southwest France",2010,Aquatic Biology,8,2,NA,137,144,NA,NA,NA,NA,NA,NA
116_takamura,,"Takamura, K.",NA,N,,,,"Takamura, K.",NA,Population structuring by weirs and the effect on trophic position of a freshwater fish Zacco platypus in the middle reaches of Japanese rivers,2009,Fundamental and Applied Limnology,174,4,NA,307,315,NA,NA,NA,NA,NA,NA
117_ulseth,,"Ulseth, A.J.","Hershey, A.E",N,,,,"Ulseth, A.J. and Hershey, A.E",NA,Natural abundances of stable isotopes trace anthropogenic N and C in an urban stream,2005,Journal of the North American Benthological Society,24,2,NA,270,289,NA,NA,NA,NA,NA,NA
118_riel,,"Van Riel, M.C.",NA,Y,,,,"Van Riel, M.C., Velde, G.V.D., Rajagopal, S., Marguillier, S., Dehairs, F. and De Vaate, A.B.",NA,Trophic relationships in the Rhine food web during invasion and after establishment of the Ponto-Caspian invader Dikerogammarus villosus,2006,Hydrobiologia,565,NA,NA,39,58,NA,NA,NA,NA,NA,NA
119_verburg,,"Verburg, P.",NA,Y,,,,"Verburg, P., Kilham, S.S., Pringle, C.M., Lips, K.R. and Drake, D.L.",NA,A stable isotope study of a neotropical stream food web prior to the extirpation of its large amphibian community,2007,Journal of Tropical Ecology,23,6,NA,643,651,NA,NA,NA,NA,NA,NA
120_williams,,"Williams, A.J.","Trexler, J.C.",N,,,,"Williams, A.J. and Trexler, J.C.",NA,A preliminary analysis of the correlation of food-web characteristics with hydrology and nutrient gradients in the southern Everglades,2006,Hydrobiologia,569,NA,NA,493,504,NA,NA,NA,NA,NA,NA
121_winemiller,,"Winemiller, K.O.",NA,Y,,,,"Winemiller, K.O., Hoeinghaus, D.J., Pease, A.A., Esselman, P.C., Honeycutt, R.L., Gbanaador, D., Carrera, E. and Payne, J.",NA,Stable isotope analysis reveals food web structure and watershed impacts along the fluvial gradient of a Mesoamerican coastal river,2011,River Research and Applications,27,6,NA,791,803,NA,NA,NA,NA,NA,NA
122_zeug,,"Zeug, S.C.","Winemiller, K.O.",N,,,,"Zeug, S.C. and Winemiller, K.O.",NA,Evidence supporting the importance of terrestrial carbon in a large-river food web,2008,Ecology,89,6,NA,1733,1743,NA,NA,NA,NA,NA,NA